-- phpMyAdmin SQL Dump
-- version 4.2.12deb2+deb8u2
-- http://www.phpmyadmin.net
--
-- Host: localhost
-- Generation Time: May 26, 2017 at 06:16 PM
-- Server version: 5.5.54-0+deb8u1
-- PHP Version: 5.6.30-0+deb8u1

SET SQL_MODE = "NO_AUTO_VALUE_ON_ZERO";
SET time_zone = "+00:00";


/*!40101 SET @OLD_CHARACTER_SET_CLIENT=@@CHARACTER_SET_CLIENT */;
/*!40101 SET @OLD_CHARACTER_SET_RESULTS=@@CHARACTER_SET_RESULTS */;
/*!40101 SET @OLD_COLLATION_CONNECTION=@@COLLATION_CONNECTION */;
/*!40101 SET NAMES utf8 */;

--
-- Database: `gepr`
--

-- --------------------------------------------------------

--
-- Table structure for table `course`
--

CREATE TABLE IF NOT EXISTS `course` (
`id_course` int(11) NOT NULL,
  `course_id` varchar(200) COLLATE utf8_unicode_ci NOT NULL,
  `course_name` varchar(200) COLLATE utf8_unicode_ci NOT NULL,
  `id_group` int(11) NOT NULL
) ENGINE=InnoDB AUTO_INCREMENT=32 DEFAULT CHARSET=utf8 COLLATE=utf8_unicode_ci;

--
-- Dumping data for table `course`
--

INSERT INTO `course` (`id_course`, `course_id`, `course_name`, `id_group`) VALUES
(1, 'GE10001', 'ภาษาไทยเพื่อการสื่อสาร', 1),
(2, 'GE10004', 'สุนทรียภาพในภาษาไทย', 1),
(3, 'GE10002', 'ภาษาอังกฤษเพื่อการสื่อสาร', 1),
(4, 'GE10005', 'ภาษาอังกฤษเพื่อการสื่อสารในสถานการณ์เฉพาะหน้า', 1),
(5, 'GE10003', 'การอ่านและการเขียนภาษาอังกฤษเพื่อจุดประสงค์ทั่วไป', 1),
(6, 'GE10006', 'การอ่านและการเขียนภาษาอังกฤษเพื่อการนําไปใช้', 1),
(7, 'GE20001', 'จริยธรรมเพื่อการดํารงชีวิต', 2),
(9, 'GE20005', 'ศาสนาเพื่อการดํารงชีวิต', 2),
(10, 'GE20002', 'สุนทรียภาพเพื่อชีวิต', 2),
(11, 'GE20006', 'สุนทรียภาพในอีสาน', 2),
(12, 'GE20003', 'พฤติกรรมมนุษย์เพื่อการพัฒนาตน', 2),
(13, 'GE20007', 'จิตวิทยาการพัฒนาตนในสังคมยุคใหม่', 2),
(14, 'GE20004', 'การรู้สารสนเทศ', 2),
(15, 'GE20008', 'ทักษะสารสนเทศในชีวิตประจําวัน', 2),
(16, 'GE30001', 'วิถีชีวิตพื้นถิ่นอุดรธานี', 3),
(17, 'GE30004', 'สังคมและวัฒนธรรมไทย', 3),
(18, 'GE30005', 'พลวัตกับสังคมโลก', 3),
(19, 'GE30006', 'ลุ่มน้ําโขงกับโลกสมัยใหม่', 3),
(20, 'GE30007', 'กฎหมายเพื่อความเข้าใจสังคม', 3),
(21, 'GE30008', 'กฎหมายในชีวิตประจําวัน', 3),
(22, 'GE40001', 'ชีวิตกับสิ่งแวดล้อม', 4),
(23, 'GE40005', 'สิ่งแวดล้อมกับการเปลี่ยนแปลง', 4),
(24, 'GE40002', 'วิทยาศาสตร์เพื่อคุณภาพชีวิต', 4),
(25, 'GE40006', 'วิทยาศาสตร์เพื่ออนาคต', 4),
(26, 'GE40003', 'การคิดและการตัดสินใจ', 4),
(27, 'GE40007', 'การคิดและคณิตศาสตร์ในชีวิตประจําวัน', 4),
(28, 'GE40004', 'เทคโนโลยีสารสนเทศเพื่อการเรียนรู้', 4),
(29, 'GE40008', 'รู้ทันโลกเทคโนโลยี', 4),
(30, 'GE30003', 'กฎหมายเพื่อชีวิตและสิทธิมนุษยชน', 2),
(31, 'GE30002 ', 'วิถีโลก', 2);

-- --------------------------------------------------------

--
-- Table structure for table `groupcourse`
--

CREATE TABLE IF NOT EXISTS `groupcourse` (
`id_group` int(11) NOT NULL,
  `group_name` varchar(200) COLLATE utf8_unicode_ci NOT NULL
) ENGINE=InnoDB AUTO_INCREMENT=5 DEFAULT CHARSET=utf8 COLLATE=utf8_unicode_ci;

--
-- Dumping data for table `groupcourse`
--

INSERT INTO `groupcourse` (`id_group`, `group_name`) VALUES
(1, 'กลุ่มวิชาภาษาศาสตร์'),
(2, 'กลุ่มวิชาสังคมศาสตร์'),
(3, 'กลุ่มวิชามนุษย์ศาสตร์'),
(4, 'กุล่มวิชาวิทยาศาสตร์และเทคโนโลยี');

-- --------------------------------------------------------

--
-- Table structure for table `member`
--

CREATE TABLE IF NOT EXISTS `member` (
`id_member` int(11) NOT NULL,
  `mem_id` varchar(15) COLLATE utf8_unicode_ci NOT NULL,
  `mem_preName` enum('1','2','3') COLLATE utf8_unicode_ci NOT NULL COMMENT '1=นาย,2=นาง,3=นางสาว',
  `mem_name` varchar(200) COLLATE utf8_unicode_ci NOT NULL,
  `mem_lastname` varchar(200) COLLATE utf8_unicode_ci NOT NULL,
  `mem_faculty` varchar(200) COLLATE utf8_unicode_ci NOT NULL,
  `mem_branch` varchar(200) COLLATE utf8_unicode_ci NOT NULL,
  `mem_tel` varchar(15) COLLATE utf8_unicode_ci NOT NULL,
  `mem_email` varchar(200) COLLATE utf8_unicode_ci NOT NULL,
  `mem_passwd` varchar(200) COLLATE utf8_unicode_ci NOT NULL,
  `mem_status` enum('0','1','2','3') COLLATE utf8_unicode_ci NOT NULL COMMENT '0 = ทั่วไป||นศ ,1 = อาหจารย์ ,2 = หัวหน้าหมวด ,3 = admin'
) ENGINE=InnoDB AUTO_INCREMENT=100 DEFAULT CHARSET=utf8 COLLATE=utf8_unicode_ci;

--
-- Dumping data for table `member`
--

INSERT INTO `member` (`id_member`, `mem_id`, `mem_preName`, `mem_name`, `mem_lastname`, `mem_faculty`, `mem_branch`, `mem_tel`, `mem_email`, `mem_passwd`, `mem_status`) VALUES
(9, '59000000201', '1', 'ไชยวัฒน์', 'หอมแสง', 'วิทยาศาสตร์', 'วิทยาการคอมพิวเตอร์', '0812345678', 'te@gmail.com', '81dc9bdb52d04dc20036dbd8313ed055', '0'),
(10, '-', '1', 'เต้', 'ไชยวัฒน์', 'วิทยาศาสตร์', 'หมวดวิชาภาษาศาสตร์', '111111111', 'te@gmail.com', 'e10adc3949ba59abbe56e057f20f883e', '1'),
(11, '-', '2', 'วันวิสาข์', 'คงธนกุลบวร', 'ภาษาศาสตร์', 'ภาษาอังกฤษ', '+66952259895', 'w.khongtanakunbawon@gmail.com', '343b4a53f95a05b874881695cf5c0fc8', '1'),
(12, 'G18', '2', 'คนางค์', 'มาตรา', 'สำนักวิชาศึกษาทั่วไป', 'สารสนเทศศาสตร์', '0815455203', '', 'd41d8cd98f00b204e9800998ecf8427e', '1'),
(32, '59040305124', '3', 'มณีเนตร', 'พิณรัตน์', 'มนุษยศาสตร์เเละสังคมศาสตร์', 'ภาษาอังกฤษธุรกิจ', '0986218809', 'maneenatepinrat@gmail.com', 'caafd8edcee81f8cdf03d0d759c2c5c0', '0'),
(33, '59040305124', '3', 'มณีเนตร', 'พิณรัตน์', 'มนุษยศาสตร์เเละสังคมศาสตร์', 'ภาษาอังกฤษธุรกิจ', '0986218809', 'maneenatepinrat@gmail.com', 'fd24d88fbeea2e11e702453ff02cce16', '0'),
(34, '59240424150', '1', 'จักรวาล', 'โชติกวโรดม', 'วิทยาการจัดการ', 'การจัดการการตลาด', '0948813221', 'liuyutaka333@hotmail.com', 'd5e6f71af3cfb29a8546b38b42e80618', '0'),
(35, '570000000', '1', 'นัฏฐิยา', 'ฐิติเจริญธรรม', 'วิทยาศาสตร์', 'คอมพวิเตอร์', '0856591956', 'theyayy5@gmail.com', 'db2f40f24260bc41db48d82d5e7abf1d', '0'),
(36, '570000', '2', 'นัฏฐิยา', 'ฐิติเจริญธรรม', '-', '-', '-', 'theyayy@gmail.com', 'c1ec8dd44a4f9c19fe8c7ae9b5592d24', '0'),
(37, '59041273147', '1', 'รัฐการ', 'มาตยมูล', 'มนุษย์ศาสตร์', 'ดนตรีศึกษา', '0946896454', 'Daverin_5678@hotmail.com', 'e8547f457dacd4633faae03a19d0955f', '0'),
(38, '57040305237', '3', 'นิตยา', 'แก้วกำ', 'มนุษยศาสตร์และสังคมศาสตร์', 'ภาษาอังกฤษธุรกิจ', '0935346723', 'nittayatouch@gmail.com', '479f12b128b9033e848bbd3f59d79d8c', '0'),
(39, '58040236112', '3', 'ชลธิชา', 'พุทธวงศ์', 'วิทยาศาสตร์', 'เทคโนโลยีสารสนเทศ', '0917601665', '10011997esc@gmail.com', 'd7c32af467b4a623e3826a0f66591b48', '0'),
(40, '59200501131', '3', 'วาสนา', 'มีมาตร', 'วิทยาการจัดการ', 'การบัญชี', '0848214592', 'wasanameemat@gmaiil.com', '056c689ce18bee5381d2c3cb0c2001b7', '0'),
(41, '59200501131', '3', 'วาสนา', 'มีมาตร', 'วิทยาการจัดการ', 'การบัญชี', '0848214592', 'wasanameemat@gmaiil.com', '056c689ce18bee5381d2c3cb0c2001b7', '0'),
(42, '59040305124', '3', 'มณีเนตร', 'พิณรัตน์', 'มนุษศาสตร์เเละสังคมศาสตร์', 'ภาษาอังกฤษธุรกิจ', '0986218809', '', 'd41d8cd98f00b204e9800998ecf8427e', '0'),
(43, '59040305148', '3', 'พัชรา', 'ภูโท', 'มนุษยศาสตร์และสังคมศาสตร์', 'ภาษาอังกฤษธุรกิจ', '0636651624', 'dewpatcharadew1997@outlook.com', '331cb2a7949a7499c0121f11e3d362c6', '0'),
(44, '59040305148', '3', 'พัชรา', 'ภูโท', 'มนุษยศาสตร์และสังคมศาสตร์', 'ภาษาอังกฤษธุรกิจ', '0636651624', 'dewpatchara1997@gmail.com', '331cb2a7949a7499c0121f11e3d362c6', '0'),
(45, '59040305124', '3', 'มณีเนตร', 'พิณรัตน์', 'มนุษยศาสตร์เเละสังคมศาสตร์', 'ภาษาอังกฤษธุรกิจ', '0986218809', 'maneenatepinrat@gmail.com', 'fd24d88fbeea2e11e702453ff02cce16', '0'),
(46, '59041273139', '1', 'โชคชัย', 'คลังทอง', 'มนุษยศาสตร์', 'ดนตรี', '0935066191', 'chokchaiza191@hotmail.com', '87c621e3a01abba152b0d5d47792eba7', '0'),
(47, '59040258114', '1', 'ภาณุพงศ์', 'สุวรรณวงค์', 'เทคโนโลยี', 'เทคนิคการสัตว์แพทย์', '0933286523', 'beatzaza2012@gmail.com', '9be65752c84a288101d4be35b84aa69b', '0'),
(48, '59040258124', '1', 'ธณัติ', 'จินดาธเนศ', 'เทคโนโลยี', 'เทคนิคการสัตว์แพทย์', '0951683024', 'markpy@hotmail.com', '709e6923037ea1868ff8e8e10ea16154', '0'),
(49, '59200501130', '3', 'บุษบา', 'ผาสุข', 'การจัดการ', 'การบัญชี', '0861079153', 'Busaba.p@sso.go.th', 'b32ecbcd2439e3845ba4ba869adf9dfd', '0'),
(50, '59200501222', '3', 'กมลวรรณ', 'พวงศรี', 'การจัดการ', 'การบัญชี', '0903366549', 'kanonwan26@gmail.com', '6879982047cee1d59d3d980bbdf44df3', '0'),
(51, '59200501222', '3', 'กมลวรรณ', 'พวงศรี', 'การจัดการ', 'การบัญชี', '0903366549', 'ornin1964', '2bbc94251a5b0e47a527403dcf8ed21a', '0'),
(52, '59200501222', '3', 'กมลวรรณ', 'พวงศรี', 'การจัดการ', 'การบัญชี', '0903366549', 'ornin1964@gmail.com', '2bbc94251a5b0e47a527403dcf8ed21a', '0'),
(53, '59040305148', '3', 'พัชรา', 'ภูโท', 'มนุษยศาสตร์และสังคมศาสตร์', 'ภาษาอังกฤษธุรกิจ', '0973404973', 'art.pinza.1997@gmail.com', 'e10adc3949ba59abbe56e057f20f883e', '0'),
(54, '58040236112', '3', 'ชลธิชา', 'พุทธวงศ์', 'วิทยาศาสตร์', 'เทคโนโลยีสารสนเทศ', '0917601665', 'fern_d6@hotmail.com', 'd7c32af467b4a623e3826a0f66591b48', '0'),
(55, '59200501116', '3', 'นฤมล', 'ชมภูวิเศษ', 'วิทยาการจัดการ', 'การบัญชี', '0959768076', 'naruemon010016@gmail.com', 'f16504a3c56f29a6612f373b401f60c0', '0'),
(56, '58240234121', '1', 'ภัสภูมิ', 'กองตัน', 'คณะวิทยาศาสตร์', 'เทคโนโลยีสารสนเทศ(การพัฒนาซอฟต์แวร์)', '0616970005', 'LiverpoolUFC2005@gmail.com', '99d8805e6d25f6d3e6b4071d227d98b8', '0'),
(57, '57040501106', '3', 'ชนิดา', 'รักสูงเนิน', 'วิทยาการจัดการ', 'การบัญชี', '0982134324', 'chanida_Nitipron@hotmail.com', 'd305f5957299db5a8a3da211d339da46', '0'),
(58, '57040501106', '3', 'ชนิดา', 'รักสูงเนิน', 'วิทยาการจัดการ', 'การบัญชี', '0982134324', 'namsom@hotmail.com', '62ab6bc5a5be48c1adea39f306925663', '0'),
(59, '59200270110', '1', 'ศุภชัย', 'ทิพย์ขุนทด', 'เทคโนโลยี', 'เครื่องกล', '0847954648', 's.suphachaii33@gmail.com', 'e07e58da5fc6caef5a35ff7a2f7e6a27', '0'),
(60, '56041276134', '1', 'อัศวิน ', 'มุ่งภูเขียว', 'มนุษยศาสตร์และสังคมศาสตร์', 'ศิลปะการแสดง', '0610398226', 'oatsawin7@gmail.com', 'f03bdeccda07f0843de94a594f07560d', '0'),
(61, '59200501232', '3', 'นงนิตย์', 'ทองศิริอุบล', 'การจัดการ', 'การบัญชี', '0637408989', 'nongnit55@hotmail.com', 'f6699815bf3e923dde6f5e5f07157c45', '0'),
(62, '59200501227', '3', 'นงนิตย์', 'ทองศิริอุบล', 'การจัดการ', 'การบัญชี', '0637408989', 'nongnit55@hotmail.com', '84c8a5aa127848ced5646ee818ec9aae', '0'),
(63, '59200501227', '3', 'นงนิตย์', 'ทองศิริอุบล', 'การจัดการ', 'การบัญชี', '0637408989', 'nongnit@hotmail.com', '84c8a5aa127848ced5646ee818ec9aae', '0'),
(64, '59040325119', '1', 'สิทธิพล', 'ดีสุ่ย ', 'มนุษยศาสตร์', 'พัฒนาสังคม', '0630244346', 'sittipol9017@gmail.com', 'cf92b15d8100ed666fb0d89803f1eb06', '0'),
(65, '59100101230', '1', 'ศิณีนาถ', 'ภูเบ้าทอง', 'ครุศาสตร์', 'ภาษาไทย', '0981367624', '', 'd41d8cd98f00b204e9800998ecf8427e', '0'),
(66, '59100101230', '2', 'ศิณีนาถ', 'ภูเบ้าทอง', 'ครุศาสตร์', 'ภาษาไทย', '0981367623', '', 'd41d8cd98f00b204e9800998ecf8427e', '0'),
(67, '59100101230', '3', 'ศิณีนาถ', 'ภูเบ้าทอง', 'ครุศาสตร์', 'ภาษาไทย', '0981367623', '', 'd41d8cd98f00b204e9800998ecf8427e', '0'),
(68, '59100101230', '3', 'ศิณีนาถ', 'ภูเบ้าทอง', 'ครุศาสตร์', 'ภาษาไทย', '0981367623', '', 'd41d8cd98f00b204e9800998ecf8427e', '0'),
(69, '59100101230', '3', 'ศิณีนาถ', 'ภูเบ้าทอง', 'ครุศาสตร์', 'ภาษาไทย', '0981367623', 'Sineeice@hotmail.com', 'c5fd34a7a119ecc569aa3a78168f8ec9', '0'),
(70, '59200501109', '3', 'ชลิตา', 'สิมะลา', 'วิทยาการจัดการ', 'การบัญชี', '0857261017', 'minny_chalita@hotmail.com', 'b8200876d03a4063078e42bbaab47b29', '0'),
(71, '59200270104', '1', 'ฉัตรดนัย', 'บุญจันทร์', 'เทคโนโลยี', 'เทคโนโลยีเครื่องกล', '0630094083', 'chatdanai104', '26e3b2b349444156091e59c954d76040', '0'),
(72, '59200270104', '1', 'ฉัตรดนัย', 'บุญจันทร์', 'เทคโนโลยี', 'เทคโนโลยีเครื่องกล', '0630094083', 'chatdanai104@gmail.com', '26e3b2b349444156091e59c954d76040', '0'),
(73, '59040220155', '1', 'คมกฤช', 'พรมจันทร์', 'วิทยาศาสตร์', 'วิทยาศาสตร์การกีฬา', '0972068858', 'komgirt_1234@hotmail.com', '9ff116b304aacd47c630d0fde517b305', '0'),
(74, '59040325226', '3', 'ปิยะภรณ์', 'มาลาแสง', 'มนุษยศาสตร์และสังคมศาสตร์', 'การพัฒนาสังคม', '0936890875', 'piyaphonindy@hotmail.com', '5e82052d49e7c4c397350be5987f89a0', '0'),
(75, '54100104150', '1', 'สันติ', 'จันทร์เพชร', 'ครุศาสตร์', 'ดนตรีศึกษา', '0890992108', 'santichanpet13@gmail.com', '97ee187d80d9dac189c919941a8c9e76', '0'),
(76, '58040264135', '1', 'กฤษดา', 'วงษ์ลลา', 'เทคโน', 'การจัดการอุตสาหกรรม', '0877248557', 'fom-o-fom@hotmail.com', '3581e39fe16b5aa4e504743c2b4d55c3', '0'),
(77, '58040264126', '3', 'มณีมณฑ์', 'วงหาจัก', 'เทคโนโลยี', 'การจัดการอุตสาหกรรม', '0816625035', 'nunong-pompom@hotmail.com', '99c54293d2f2d2e798752089a895b2b8', '0'),
(78, '58040248104', '1', 'ณัฐดล', 'บุญกว้าง', 'วิทยาศาสตร์', 'ฟิสิกส์', '0952277310', 'Koopper ', '2508ce3b2c4b6db1775a82ba45eb4d7f', '0'),
(79, '59200270106', '1', 'ชินพันธ์', 'สีหานาม', 'เทคโนโลยี', 'เครื่องกล', '0928700784', 'chinnapan.sank2538@gmail.com', 'a722095c98047e039ea1a5fb157d0372', '0'),
(80, '58040325212', '1', 'ธนิส', 'คนฉลาด', 'มนุษยศาสตร์และสังคมศาสตร์', 'พัฒนาสังคม', '0893758713', 'narissara.jikgey@gmail.com', 'ebe336d6eaa76463d3b6cb5f4e552951', '0'),
(81, '57000272111', '1', 'ชินวัตร', 'กำหนดแน่', 'เทคโนโลยี', 'อิเล็กทรอนิกส์คอมพิวเตอร์', '0918674437', 'chrischinawat@gmail.com', 'f6e83cd4e97a88b9ea384267a3d850fc', '0'),
(82, '57000272111', '1', 'ชินวัตร', 'กำหนดแน่', 'เทคโนโลยี', 'อิเล็กทรอนิกส์คอมพิวเตอร์', '0918674437', 'chrischinawat@gmail.com', '1107ef5bc2c5d75ebc1605440ecc7119', '0'),
(83, '58040410131', '3', 'ยุวรัตน์', 'หวยกระโทก', 'วิทยาการจัดการ', 'การจัดการการโรงแรม', '0953031923', 'keaw1923@gmail.com', '4fd4918e39004563968f5ff3b24e7a68', '0'),
(84, '58040259123', '3', 'ศิริรัตน์', 'เทียบกว่าง', 'วิทยาศาสตร์', 'คณิตศาสตร์', '0944679052', 'Daruni2564@gmail.com', 'ca67f199193d3a3aeb02b4a935bafaf1', '0'),
(85, '59040325226', '3', 'ปิยะภรณ์', 'มาลาแสง', 'มนุษยศาสตร์และสังคมศาสตร์', 'การพัฒนาสังคม', '0936890875', 'piyaphonindy@hotmail.com', '5e82052d49e7c4c397350be5987f89a0', '0'),
(86, '59040325232', '3', 'ฐิตามร', 'เประกันยา', 'คณะมนุษยศาสตร์และสังคมศาสตร์', 'การพัฒนาสังคม', '0851502316', 'ponsimma0004@gmail.com', 'd1ebcc74f5e706ddc1ad40581406b597', '0'),
(87, '59040325226', '3', 'ปิยะภรณ์', 'มาลาแสง', 'มนุษยศาสตร์และสังคมศาสตร์', 'การพัฒนาสังคม', '0936890875', 'myfr@hotmail.com', '92cac3c62e0a641a067a2eee5d8eb987', '0'),
(88, '57', '2', 'dfgdf', 'gfdsfgds', 'asdf', 'asdfa', 'fasd', 'theyayy5@gmail.com', 'c1ec8dd44a4f9c19fe8c7ae9b5592d24', '0'),
(89, 'asdf', '2', 'sdf', 'fasdf', 'fasdf', 'sadf', 'fa', 'theyayy@gmail.com', 'e25577ea7102009cf30261e156615b4d', '0'),
(90, '720002127', '3', 'ปฐมพร', 'ด้วงรักดี', 'วิทยาการจัดการ', 'นิเทศศาสตร์', '09312109', 'momo2192@hotmail.com', '8a1df8018265a08725cace5e918a36d7', '0'),
(91, '58040248104', '1', 'ณัฐดล', 'บุญกว้าง', 'วิทยาศาสตร์', 'ฟิสิกส์', '0952277310', 'bossmusic3@gmail.com', '027877d3faeb80ddf34faecfc081c9c8', '0'),
(92, '59040258134', '3', 'กานติมา', 'วิริยะจิตต์', 'เทคโนโลยี', 'เทคนิคการสัตวแพทย์', '0833600627', 'kantima-mika@hotmail.com', '011d0b4fe6835bb3d37ef4e0ea713de6', '0'),
(93, '57240002127', '3', 'ปฐมพร', 'ด้วงรักดี', 'วิทยาการจัดการ', 'นิเทศศาสตร์', '0931210595', 'momo2192@hotmail.com', '8a1df8018265a08725cace5e918a36d7', '0'),
(94, '58040257104', '3', 'ณัฐภรณ์ ', 'ใจสะอาด', 'เทคโนโลยี', 'ธุรกิจการเกษตร', '0856085015', 'nattapornjaisaard10@gmail.com', '93b635f9f198ff4764b91886c2083327', '0'),
(95, '59200901104', '1', 'ยุทธวัตร', 'ผาภู', 'มนุษยศาสตร์และสังคมศาสตร์', 'นิติศาสตร์', '0953949470', 'c100classicclub@gmail.com', '64bcc12209622c7bd8542707efeb69b5', '0'),
(96, '57100105122', '3', 'หัทยา', 'สุนทรชัย', 'ครุศาสตร์', 'นาฏศิลป์ไทย', '0973378942', 'Nattasinnook@Gmail.com', 'b547ddfefce9a1265db20a789a8885de', '0'),
(97, '57100105122', '3', 'หัทยา', 'สุนทรชัย', 'ครุศาสตร์', 'นาฏศิลป์ไทย', '0973378942', 'nattasinnook@gmail.com', 'b547ddfefce9a1265db20a789a8885de', '0'),
(98, '59041301102', '1', 'วสิษฐ์พล', 'ประพันธ์ศรี', 'เทคโนโลยี', 'วิศวกรรมอิเล็กทรอนิกส์', '0990301661', 'wasispol@gmail.com', 'a851698b69bbe00ebcb609915f294fac', '0'),
(99, '58040510358', '3', 'ปัญญรัตน์', 'ฉลองชาติ', 'วิทยาการจัดการ', 'การบัญชี', '0801927944', 'aumaim_panyarat@hotmail.co.th', '43d4036ce20f7c8d010c9d185a38ffb0', '0');

-- --------------------------------------------------------

--
-- Table structure for table `requestion`
--

CREATE TABLE IF NOT EXISTS `requestion` (
`id_req` int(11) NOT NULL COMMENT 'id คำร้อง primary key',
  `req_prename` enum('นาย','นาง','นางสาว') COLLATE utf8_unicode_ci NOT NULL COMMENT 'คำนำหน้าผู้เขียนคำร้อง',
  `req_name` varchar(100) COLLATE utf8_unicode_ci NOT NULL COMMENT 'ชื่อผู้เขียนคำร้อง',
  `req_lastname` varchar(100) COLLATE utf8_unicode_ci NOT NULL COMMENT 'นามสกุลผู้เขียนคำร้อง',
  `req_stdID` varchar(12) COLLATE utf8_unicode_ci NOT NULL COMMENT 'รหัสนักศึกษา',
  `req_classNum` varchar(1) COLLATE utf8_unicode_ci NOT NULL COMMENT 'ชั้นปี 1,2,3,4,....,8',
  `req_tel` varchar(15) COLLATE utf8_unicode_ci NOT NULL COMMENT 'เบอร์โทร',
  `req_pak` enum('1','2','3','4') COLLATE utf8_unicode_ci NOT NULL COMMENT 'ภาค 1=ปกติ ,2= พิเศษ ,3=อื่น ๆ',
  `req_class` char(1) COLLATE utf8_unicode_ci NOT NULL COMMENT 'ระดับ 1=ปริญญาตรี,2 =ปริญญาตรี(ต่อเนื่อง),3 =อื่น ๆ',
  `req_term` varchar(8) COLLATE utf8_unicode_ci NOT NULL COMMENT 'ภาคเรียน',
  `req_year` char(5) COLLATE utf8_unicode_ci NOT NULL COMMENT 'ปีการศึกษา',
  `req_detail` text COLLATE utf8_unicode_ci NOT NULL COMMENT 'สาเหตุที่ขาดสอบ',
  `req_evidence` text COLLATE utf8_unicode_ci NOT NULL COMMENT 'หลักฐาน',
  `id_create` int(11) NOT NULL COMMENT 'คือ id_member',
  `dt_create` datetime NOT NULL,
  `ip_create` varchar(100) COLLATE utf8_unicode_ci NOT NULL
) ENGINE=InnoDB AUTO_INCREMENT=1031 DEFAULT CHARSET=utf8 COLLATE=utf8_unicode_ci;

--
-- Dumping data for table `requestion`
--

INSERT INTO `requestion` (`id_req`, `req_prename`, `req_name`, `req_lastname`, `req_stdID`, `req_classNum`, `req_tel`, `req_pak`, `req_class`, `req_term`, `req_year`, `req_detail`, `req_evidence`, `id_create`, `dt_create`, `ip_create`) VALUES
(225, 'นาง', 'นัฏฐิยา', 'ฐิติเจริญธรรม', '570000', '1', '-', '1', '1', '1', '2560', 'sss', 'sss', 36, '2017-05-15 09:37:35', '192.168.243.119'),
(231, 'นาย', 'จักรวาล', 'โชติกวโรดม', '59240424150', '1', '0948813221', '2', '0', '1', '2/255', 'ยางรถยนต์ของข้าพเจ้าฯเกิดรั่วขณะเดินทางมาทำการสอบจึงทำให้มาเข้าสอบไม่ทันตามเวลาที่กำหนด..  ', 'รูปถ่ายตอนเกิดยางรั่ว', 34, '2017-05-15 09:40:03', '192.168.243.119'),
(239, 'นาย', 'ไชยวัฒน์', 'หอมแสง', '59000000201', '2', '0812345678', '2', '2', '2', '2559', 'ป่วย', 'ใบรับรองแพทย์    ,test2                          ,test,test4', 9, '2017-05-15 13:55:15', '172.22.8.199'),
(262, 'นางสาว', 'นิตยา', 'แก้วกำ', '57040305237', '3', '0935346723', '1', '0', '2', '2559', 'ในวันที่มีการสอบในรายวิชา GE30003 กฏหมายเพื่อชีวิตและสิทธิมนุษยชน ข้าพเจ้าได้มีการสอบสัมภาษณ์วีซ่าเพื่อไปโครงการ Work and Travel USA ทั้งนี้ข้าพเจ้าจะได้เดินทางไปอเมริกาในวันที่ 18 พฤษภาคม 2560 และกลับมาวันที่ 4  กันยายน 2560 จึงไม่สามารถมาทำการสอบในวันที่ 5 มิถุนายน 2560 ได้ จึงมีความประสงค์ขอสอบกรณีพิเศษหลังจากกลับมาประเทศไทย ในช่วงต้นเดือนกันยายน', 'ใบ DS-2019 ที่ยื่นในวันสอบสัมภาษณ์,  ตั๋วเครื่องบินไป-กลับ อเมริกา  ,  วีซ่าอเมริกา', 38, '2017-05-15 15:46:24', '110.168.152.78'),
(276, 'นางสาว', 'มณีเนตร', 'พิณรัตน์', '59040305124', '1', '0986218809', '1', '1', '2', '2559', ' เนื่องจากติดภารกิจฌาปนกิจศพแม่ ที่จังหวัดบึงกาฬ เป็นเหตุให้มาสอบในวันที่ 1 พ.ค.เวลา13.00-14.30 น.ไม่ได้ ซึ่งในกำหนดการนั้นลงเวลาฌาปนกิจศพตั้งเเต่ 13.00-15.00 น. ดิฉันจึงไม่สามารถที่จะมาสอบทันเวลาได้ค่ะ', 'กำหนดการตั้งศพบำเพ็ญกุศล  ,  ใบมรณบัตร', 45, '2017-05-16 11:49:47', '49.228.82.124'),
(366, 'นางสาว', 'วาสนา', 'มีมาตร', '59200501131', '3', '0848214592', '2', '1', '2', '2559', 'วันสอบปลายภาควิชาสุนทรียภาพ ได้ตรงกับวันสอบการไฟฟ้าส่วนภูมิภาค  ข้าพเจ้าได้คาดหวังอยากจะสอบบรรจุทำงานในหน่วยงานรัฐวิสาหกิจ\nจึงได้เข้าสอบกับหน่วยงานการไฟฟ้าส่วนภูมิภาค ในวันที่  30  เมษายน 2560  ซึ่งตรงกับวันสอบปลายภาค ในรายวิชาดังกล่าว  ดังนั้น ข้าพเจ้าจึงใคร่ขอความอนุเคราะห์ขอสอบปลายภาคกรณีพิเศษ\nในรายวิชาสุนทรียภาพ  ', 'เอกสารยืนยันการเข้าสอบการไฟฟ้าส่วนภูมิภาค,สำเนาบัตรประจำตัวนักศึกษา', 41, '2017-05-16 12:39:50', '182.52.210.186'),
(468, 'นาย', 'รัฐการ', 'มาตยมูล', '59041273147', '1', '0946896454', '1', '0', '2', '2559', 'รถเสีย มาไม่ทัน', '', 37, '2017-05-16 14:57:00', '49.228.85.72'),
(495, 'นาย', 'ภาณุพงศ์', 'สุวรรณวงค์', '59040258114', '1', '0933286523', '1', '0', '1', '2559', '', '', 47, '2017-05-16 15:08:47', '124.121.196.1'),
(496, 'นาย', 'ธณัติ', 'จินดาธเนศ', '59040258124', '1', '0951683024', '1', '1', '1', '2559', '', '', 48, '2017-05-16 15:13:27', '124.121.196.1'),
(497, 'นางสาว', 'กมลวรรณ', 'พวงศรี', '59200501222', '3', '0903366549', '2', '2', '2', '2559', 'ในวันที่สอบปลายภาควิชาสุนทรียภาพเพื่อชีวิตตรงกับวันเข้าสอบคัดเลือกบุคลาการจากกลุ่มลูกจ้าง กฟภ. เป็นพนักงาน ในวันที่ 30 เมษายน 2560  ณ มหาวิทยาลัยราชภัฏอุดรธานี', 'ประกาศการไฟฟ้าส่วนภูมิภาค เรื่อง ประกาศรายชื่อผู้เข้ารับการสอบข้อเขียน และสถานที่สอบ จากกลุ่มลูกจ้าง กฟภ.เป็นพนักงาน สังกัด การไฟฟ้าเขต 1(อุดรธานี) ภาค 2', 50, '2017-05-17 10:02:35', '202.151.4.20'),
(498, 'นางสาว', 'กมลวรรณ', 'พวงศรี', '59200501222', '3', '0903366549', '1', '1', '2', '2559', 'ในวันที่สอบปลายภาควิชาสุนทรียภาพเพื่อชีวิตตรงกับวันเข้าสอบคัดเลือกบุคลาการจากกลุ่มลูกจ้าง กฟภ. เป็นพนักงาน ในวันที่ 30 เมษายน 2560  ณ มหาวิทยาลัยราชภัฏอุดรธานี', 'ประกาศการไฟฟ้าส่วนภูมิภาค เรื่อง ประกาศรายชื่อผู้เข้ารับการสอบข้อเขียน และสถานที่สอบ จากกลุ่มลูกจ้าง กฟภ.เป็นพนักงาน สังกัด การไฟฟ้าเขต 1(อุดรธานี) ภาค 2', 50, '2017-05-17 10:05:46', '202.151.4.20'),
(499, 'นางสาว', 'กมลวรรณ', 'พวงศรี', '59200501222', '3', '0903366549', '1', '1', '2', '2559', 'ในวันที่สอบปลายภาควิชาสุนทรียภาพเพื่อชีวิตตรงกับวันเข้าสอบคัดเลือกบุคลาการจากกลุ่มลูกจ้าง กฟภ. เป็นพนักงาน ในวันที่ 30 เมษายน 2560  ณ มหาวิทยาลัยราชภัฏอุดรธานี', 'ประกาศการไฟฟ้าส่วนภูมิภาค เรื่อง ประกาศรายชื่อผู้เข้ารับการสอบข้อเขียน และสถานที่สอบ จากกลุ่มลูกจ้าง กฟภ.เป็นพนักงาน สังกัด การไฟฟ้าเขต 1(อุดรธานี) ภาค 2', 50, '2017-05-17 10:06:43', '202.151.4.20'),
(500, 'นางสาว', 'กมลวรรณ', 'พวงศรี', '59200501222', '3', '0903366549', '2', '2', '2', '2559', 'ในวันที่สอบปลายภาควิชาสุนทรียภาพเพื่อชีวิตตรงกับวันเข้าสอบคัดเลือกบุคลาการจากกลุ่มลูกจ้าง กฟภ. เป็นพนักงาน ในวันที่ 30 เมษายน 2560  ณ มหาวิทยาลัยราชภัฏอุดรธานี', 'ประกาศการไฟฟ้าส่วนภูมิภาค เรื่อง ประกาศรายชื่อผู้เข้ารับการสอบข้อเขียน และสถานที่สอบ จากกลุ่มลูกจ้าง กฟภ.เป็นพนักงาน สังกัด การไฟฟ้าเขต 1(อุดรธานี) ภาค 2', 50, '2017-05-17 10:08:13', '202.151.4.20'),
(501, 'นางสาว', 'กมลวรรณ', 'พวงศรี', '59200501222', '3', '0903366549', '2', '2', '2', '2559', 'ในวันที่สอบปลายภาควิชาสุนทรียภาพเพื่อชีวิตตรงกับวันเข้าสอบคัดเลือกบุคลาการจากกลุ่มลูกจ้าง กฟภ. เป็นพนักงาน ในวันที่ 30 เมษายน 2560  ณ มหาวิทยาลัยราชภัฏอุดรธานี', 'ประกาศการไฟฟ้าส่วนภูมิภาค เรื่อง ประกาศรายชื่อผู้เข้ารับการสอบข้อเขียน และสถานที่สอบ จากกลุ่มลูกจ้าง กฟภ.เป็นพนักงาน สังกัด การไฟฟ้าเขต 1(อุดรธานี) ภาค 2', 50, '2017-05-17 10:11:57', '202.151.4.20'),
(502, 'นางสาว', 'กมลวรรณ', 'พวงศรี', '59200501222', '3', '0903366549', '2', '2', '2', '2559', 'ในวันที่สอบปลายภาควิชาสุนทรียภาพเพื่อชีวิตตรงกับวันเข้าสอบคัดเลือกบุคลาการจากกลุ่มลูกจ้าง กฟภ. เป็นพนักงาน ในวันที่ 30 เมษายน 2560  ณ มหาวิทยาลัยราชภัฏอุดรธานี', 'ประกาศการไฟฟ้าส่วนภูมิภาค เรื่อง ประกาศรายชื่อผู้เข้ารับการสอบข้อเขียน และสถานที่สอบ จากกลุ่มลูกจ้าง กฟภ.เป็นพนักงาน สังกัด การไฟฟ้าเขต 1(อุดรธานี) ภาค 2', 52, '2017-05-17 10:23:24', '202.151.4.20'),
(515, 'นางสาว', 'พัชรา', 'ภูโท', '59040305148', '1', '0636651624', '1', '1', '2', '2559', 'เนื่องจากคืนวันที่ 30เมษายน ที่ผ่านมา ดิฉันมีอาการปวดท้องและท้องร่วงติดต่อกัน ดิฉันจึงได้รับประทานยาบรรเทาอาการ จนถึงเช้าวันที่ 1 พฤษภาคม อาการยังไม่ดีขึ้น ดิฉันจึงได้ไปพบแพทย์ และผลวินิจฉัยจากแพทย์คือ \nมีอาการท้องเสีย ปวดท้อง อ่อนเพลีย เนื่องจากอาหารเป็นพิษ แพทย์จึงให้พักรักษาตัวเป็นเวลา 1 วัน', 'ใบรับรองแพทย์', 44, '2017-05-17 12:33:38', '223.206.237.169'),
(535, 'นางสาว', 'ชลธิชา', 'พุทธวงศ์', '58040236112', '2', '0917601665', '1', '1', '2', '2559', 'รถจักรยานยนต์ยางแตกกะทันหัน', 'ใบเสร็จซ่อมรถ', 39, '2017-05-17 16:23:16', '49.228.91.43'),
(536, 'นาย', 'ภัสภูมิ', 'กองตัน', '58240234121', '2', '0616970005', '2', '1', '2', '2559', 'มีเหตุจำเป็นสุดวิสัย รถเสีย จนไม่สามารถมาสอบได้ตามกำหนดการสอบของมหาวิทยาลัย ', 'ใบรับรถเเละบริการการซ่อมรถ', 56, '2017-05-18 15:25:17', '1.46.111.23'),
(537, 'นางสาว', 'ชนิดา', 'รักสูงเนิน', '57040501106', '3', '0982134324', '1', '1', '2', '2559', 'เจ็บครรภ์ก่อนกำหนด', 'ใบรับรองแพทย์', 58, '2017-05-19 09:29:42', '14.207.140.172'),
(538, 'นาย', 'ศุภชัย', 'ทิพย์ขุนทด', '59200270110', '1', '0847954648', '2', '2', '2', '2559', 'ข้าพเจ้าติดสอบการไฟฟ้าในวันที่30/04/2560 ', 'ใบสมัครสอบ  ,  ใบรายชื่อผู้เข้าสอบ', 59, '2017-05-19 11:15:10', '110.168.153.32'),
(539, 'นางสาว', 'นฤมล', 'ชมภูวิเศษ', '59200501116', '3', '0959768076', '2', '1', '2', '2559', 'เนื่องจาก ข้าพเจ้าได้แจ้งขอลา เพื่อสอบ การไฟฟ้าส่วนภูมิภาค ในวันที่ 30 เมษายน 2560 ค่ะ', 'รายชื่อผู้มีสิทธิสอบ', 55, '2017-05-19 12:13:26', '180.180.36.97'),
(540, 'นาย', 'อัศวิน ', 'มุ่งภูเขียว', '56041276134', '4', '0610398226', '1', '1', '1', '2559', 'ผมนายอัศวิน มุ่งภูเขียว ได้รับการรักษา จากแพทย์ที่คลีนิค  ไม่สบาย จึงไม่สามารถมาสอบปลายภาคได้ เทอม 1 ปี2559 ดังนั้นผมเลยยากยื่นคำร้องของสอบในกรณีพิเศษนี้ครับ ', 'ใบรับแพทย์', 60, '2017-05-19 12:45:22', '14.207.140.172'),
(541, 'นางสาว', 'นงนิตย์', 'ทองศิริอุบล', '59200501232', '3', '0637408989', '2', '2', '2', '2559', 'ติดสอบคัดเลือกบุคคลภายนอกเข้าเป็นพนักงานการไฟฟ้าส่วนภูมิภาค', 'ประกาศการไฟฟ้าส่วนภูมิภาค เรื่อง ประกาศรายชื่อผู้เข้ารับการสอบข้อเขียน และสถานที่สอบ บุคคลภายนอกเข้าเป็นพนักงาน สังกัด การไฟฟ้าเขต 1(อุดรธานี) ภาค 1', 61, '2017-05-19 14:06:18', '202.151.4.20'),
(542, 'นางสาว', 'นงนิตย์', 'ทองศิริอุบล', '59200501227', '3', '0637408989', '2', '2', '2', '2559', 'ติดสอบคัดเลือกเข้าเป็นพนักงานการไฟฟ้าส่วนภูมิภาค', 'ประกาศการไฟฟ้าส่วนภูมิภาค เรื่อง ประกาศรายชื่อผู้เข้ารับการสอบข้อเขียน และสถานที่สอบ บุคคลภายนอกเข้าเป็นพนักงาน สังกัด การไฟฟ้าเขต 1(อุดรธานี) ภาค 1', 61, '2017-05-19 14:11:01', '202.151.4.20'),
(544, 'นางสาว', 'บุษบา', 'ผาสุข', '59200501130', '3', '0861079153', '2', '1', '2', '2559', 'วันอาทิตย์ ที่ 30 เมษายน 2560 เป็นวันสอบปลายภาคเรียนที่  2 ปีการศึกษา 2559 วิชาสุนทรียภาพเพื่อชีวิต รหัสวิชา GE20002  หมู่เรียนที่ 11 ซึ่งในวันและเวลาดังกล่าว ข้าพเจ้าได้เข้ารับการสอบข้อเขียน สังกัดการไฟฟ้าส่วนภูมิภาคเขต 1 (อุดรธานี) ภาค 2 จึงไม่สามารถเข้าสอบปลายภาคได้ตามปกติ  ดังนั้นข้าพเจ้าจึงใคร่ขอความอนุเคราะห์ขอสอบปลายภาคกรณีพิเศษ ในรายวิชาสุนทรียภาพเพื่อชีวิต', 'เอกสารยืนยันการเข้าสอบการไฟฟ้าส่วนภูมิภาค  ,  สำเนาบัตรประจำตัวนักศึกษา', 49, '2017-05-19 15:02:56', '103.55.59.97'),
(563, 'นาย', 'สิทธิพล', 'ดีสุ่ย ', '59040325119', '1', '0630244346', '1', '1', '1', '2559', 'ไม่สบายป่วยทั้ง เป็นไข้หวัดใหญ่ ', 'ใบเสร๊จ ของการซื้อยา', 64, '2017-05-19 15:15:05', '183.88.9.165'),
(564, 'นางสาว', 'ชลธิชา', 'พุทธวงศ์', '58040236112', '2', '0917601665', '1', '1', '2', '2559', 'รถจักรยานยนต์ยางรั่วกะทันหัน', 'ใบเสร็จซ่อมรถ', 54, '2017-05-19 15:32:29', '14.207.140.172'),
(607, 'นางสาว', 'ชลิตา', 'สิมะลา', '59200501109', '3', '0857261017', '2', '1', '2', '2559', 'ข้าพเจ้าติดสอบการไฟฟ้าส่วนภูมิภาค', 'เอกสารการเข้าสอบการไฟฟ้าส่วนภูมิภาค   ,  สำเนาบัตรประจำตัวนักศึกษา', 70, '2017-05-20 12:27:42', '14.207.140.172'),
(619, 'นาย', 'ฉัตรดนัย', 'บุญจันทร์', '59200270104', '1', '0630094083', '2', '0', '1', '2559', 'ทางวิทยาลัยเทคโนโลยีบริหารธุรกิจอุดรธานีได้จัดงานประชุมผู้ปกครองที่จังหวัดเลยเขตอำเภอผาขาวและได้จัดงานเลี้ยงผู้ปกครองที่มาประชุมส่วนตัวผมได้ดูแลในฝ่ายเครื่องเสียงภายในงานดังนั้นผมจึงไม่สามารถมาสอบในวันที่29เมษายน2560ได้', 'ใบรับรองการทำงานของวิทยาลัยเทคโนโลยีบริหารธุรกิจอุดรธานี', 72, '2017-05-20 20:30:42', '27.145.29.30'),
(625, 'นางสาว', 'ศิณีนาถ', 'ภูเบ้าทอง', '59100101230', '1', '0981367623', '1', '1', '2', '2559', 'ข้าพเจ้าขาดสอบเพราะไปงานศพของคุณตา', 'ใบมรณบัตร  ,  สำเนาทะเบียนบ้านผู้ตาย  ,  สำเนาทะเบียนบ้านข้าพเจ้า  ,  การ์ดงานศพ  ,  รูปถ่ายในงานศพ', 69, '2017-05-20 23:29:58', '1.1.183.66'),
(637, 'นาย', 'โชคชัย', 'คลังทอง', '59041273139', '1', '0935066191', '1', '1', '2', '2559', 'รถจักรยานยนต์เสีย ส่งเข้าซ่อม อะไหล่ชำรุด', 'ใบเสร็จค่าซ่อม', 46, '2017-05-22 13:29:31', '49.228.93.221'),
(638, 'นาย', 'สันติ', 'จันทร์เพชร', '54100104150', '6', '0890992108', '1', '1', '2', '2559', 'มาเข้าทำการสอบไม่ทัน สาเหตุเพราะรถส่วนตัวเสียระหว่างการเดินทางมาสอบ จึงเป็นเหตุให้เสียเวลาในการนั่งรถประจำทางและการต่อรถเข้ามาสอบ', 'ใบเสร็จจ่ายค่าซ้อมรถ  ,  รูปถ่ายสภาพรถตอนซ้อม  ,  เบอร์โทรติดต่ออู่ซ้อมรถ 0865685432(ช่างแจ็ก)', 75, '2017-05-22 14:44:44', '172.23.9.188'),
(734, 'นาย', 'กฤษดา', 'วงษ์ลลา', '58040264135', '2', '0877248557', '1', '0', '2', '2559', 'เกิดอุบัติเหตุรถย่างรั่ว', '', 76, '2017-05-23 15:47:26', '14.207.139.154'),
(735, 'นางสาว', 'มณีมณฑ์', 'วงหาจัก', '58040264126', '2', '0816625035', '1', '1', '2', '2559', 'เกิดอุบัติเหตุรถยางรั่ว', '', 77, '2017-05-23 15:51:37', '14.207.139.154'),
(736, 'นางสาว', 'มณีมณฑ์', 'วงหาจัก', '58040264126', '2', '0816625035', '1', '1', '2', '2559', 'เกิดอุบัติเหตุรถยางรั่ว', '', 77, '2017-05-23 15:51:56', '14.207.139.154'),
(737, 'นางสาว', 'มณีมณฑ์', 'วงหาจัก', '58040264126', '2', '0816625035', '1', '1', '2', '2559', 'เกิดอุบัติเหตุรถยางรั่ว', '', 77, '2017-05-23 15:52:32', '14.207.139.154'),
(738, 'นาย', 'ชินพันธ์', 'สีหานาม', '59200270106', '1', '0928700784', '2', '2', '1', '2559', 'เนืองจากข้าพเจ้าติดงานไม่สามารถลางานได้เพราะอยู่ในช่วงทดลองงาน', 'ข้อมูลเข้า-ออกโรงงาน', 79, '2017-05-24 10:19:32', '110.168.152.238'),
(739, 'นาย', 'ธนิส', 'คนฉลาด', '58040325212', '2', '0893758713', '1', '1', '2', '2559', 'วันที่สอบป่วยไม่สบาย ก็เลยอยากขอสอบแก้ i', '', 80, '2017-05-24 14:34:16', '110.168.152.27'),
(740, 'นาย', 'ชินวัตร', 'กำหนดแน่', '57000272111', '4', '0918674437', '1', '2', '2', '2559', 'ในวันที่มีการสอบตัวกระผมเองได้อยู่ต่างจังหวัดติดธุระด่วนเลยไม่สามารถกลับมาทันในเวลาสอบได้', 'ตารางสอบ', 81, '2017-05-24 14:46:26', '49.228.84.105'),
(864, 'นางสาว', 'ศิริรัตน์', 'เทียบกว่าง', '58040259123', '2', '0944679052', '1', '1', '2', '2559', 'ดิฉันได้ไปเฝ้ายายที่ป่วยอยู่โรงพยาบาลไม่มีคนมาเปลี่ยนจึงไม่สามารถมาสอบในรายวิชานี้ได้', '', 84, '2017-05-24 19:40:13', '183.88.9.171'),
(865, 'นางสาว', 'ปิยะภรณ์', 'มาลาแสง', '59040325226', '1', '0936890875', '1', '1', '2', '2559', 'ประสบอุบัติเหตุรถชนระหว่างการเดินจากที่พักเพื่อมาเข้าสอบที่ มหาวิทยาลัยราชภัฏอุดรธานี (ศูนย์การศึกษาสามพร้าว)', 'ใบรับรองแพทย์', 87, '2017-05-24 21:55:02', '14.207.139.179'),
(866, 'นางสาว', 'ฐิตามร', 'เประกันยา', '59040325232', '1', '0851502316', '1', '1', '2', '2559', 'ประสบอุบัติเหตุรถชนระหว่างเดินทางไปสอบที่ มหาวิทยาลัยราชภัฏอุดรธานี (ศูนย์สามพร้าว)', 'ใบรับรองแพทย์จากโรงพยาบาลกรุงเทพอุดรธานี', 86, '2017-05-24 21:57:55', '14.207.139.179'),
(867, 'นางสาว', 'ปิยะภรณ์', 'มาลาแสง', '59040325226', '1', '0936890875', '1', '1', '2', '2559', 'ประสบอุบัติเหตุรถชนระหว่างการเดินจากที่พักเพื่อมาเข้าสอบที่ มหาวิทยาลัยราชภัฏอุดรธานี (ศูนย์การศึกษาสามพร้าว)', 'ใบรับรองแพทย์ของโรงพยาบาลกรุงเทพอุดร', 87, '2017-05-24 21:58:17', '14.207.139.179'),
(868, 'นางสาว', 'ปิยะภรณ์', 'มาลาแสง', '59040325226', '1', '0936890875', '1', '1', '2', '2559', 'ประสบอุบัติเหตุรถชนระหว่างการเดินจากที่พักเพื่อมาเข้าสอบที่ มหาวิทยาลัยราชภัฏอุดรธานี (ศูนย์การศึกษาสามพร้าว)', 'ใบรับรองแพทย์ของโรงพยาบาลกรุงเทพอุดร', 87, '2017-05-24 21:58:40', '14.207.139.179'),
(869, 'นาย', 'ณัฐดล', 'บุญกว้าง', '58040248104', '1', '0952277310', '1', '1', '1', '2559', 'ไม่สบายอาหารเป็นพิษเป็นไข้', '', 91, '2017-05-25 10:07:32', '49.228.82.71'),
(890, 'นางสาว', 'กานติมา', 'วิริยะจิตต์', '59040258134', '1', '0833600627', '1', '1', '1', '2559', '', '', 92, '2017-05-25 10:18:21', '171.100.189.168'),
(937, 'นางสาว', 'ปฐมพร', 'ด้วงรักดี', '57240002127', '3', '0931210595', '2', '1', '2', '2559', 'ได้ไปสอบคัดเลือกเป็นข้าราชการตำรวจสังกัดตำรวจตระเวนชายแดน ตำแหน่งครู ตชด. ซึ่งวันสอบตรงกับทางมหาวิทยาลัยราชภัฏอุดร จึงขาดสอบของทางมหาวิทยาลัย', 'บัตรประจำตัวผู้เข้าสอบ', 90, '2017-05-25 10:30:18', '124.121.196.65'),
(939, 'นางสาว', 'กานติมา', 'วิริยะจิตต์', '59040258134', '1', '0833600627', '1', '1', '1', '2559', 'ดิฉันนางสาวกานติมา วิริยะจิตต์ มีความประสงค์ที่จะขอยื่นสอบกรณีพิเศษ\nเนื่องมาจาก ในวันพฤหัสบดีที่ 4 พฤษภาคม พ.ศ.2560 เป็นการสอบปลายภาคเรียนที่ 2 \nซึ่งสอบรายวิชา GE20003 พฤติกรรมมนุษย์เพื่อการพัฒนาตน โดยมีอาจารย์ผู้สอนคือ อ.หัสดิน แก้ววิชิต\nในวันนั้น วันพฤหัสบดีที่ 4 พฤษภาคม พ.ศ.2560 มารดาของดิฉันมีเหตุธุระจำเป็นที่เร่งด่วน ที่จะต้องไปสถานีตำรวจ จังหวัดอุดรธานี แต่ไม่สามารถไปด้วยตนเองได้ \nสาเหตุเนื่องมาจาก เมื่อวันอังคารที่ 25 เมษายน พ.ศ.2560 มารดาของดิฉัน เกิดสบอุบัติเหตุตกบันไดจนข้อเท้าแพลงและกล้ามเนื้อหลังอักเสบ และทำให้ไปทำกิจส่วนตัวลำบาก \nจึงเป็นเหตุที่ทำให้ดิฉันต้องพามารดาไปทำธุระเร่งด่วน และทำให้ไม่สามารถไปสอบในวันนั้นได้ ขอความกรุณาและเมตตาด้วยนะคะ ขอบคุณคะ', 'ใบรับรองแพทย์ของมารดา  ,  ใบลากิจจากมารดา  ,  ใบลากิจจากนักศึกษา', 92, '2017-05-25 10:36:29', '171.100.189.168'),
(943, 'นางสาว', 'กานติมา', 'วิริยะจิตต์', '59040258134', '1', '0833600627', '1', '1', '1', '2559', 'ดิฉัน นางสาวกานติมา วิริยะจิตต์ มีความประสงค์ที่จะขอยื่นสอบกรณีพิเศษ\nเนื่องมาจาก ในวันพฤหัสบดีที่ 4 พฤษภาคม พ.ศ.2560 เป็นการสอบปลายภาคเรียนที่ 2 \nซึ่งสอบรายวิชา GE20003 พฤติกรรมมนุษย์เพื่อการพัฒนาตน โดยมีอาจารย์ผู้สอนคือ อ.หัสดิน แก้ววิชิต\nในวันนั้น วันพฤหัสบดีที่ 4 พฤษภาคม พ.ศ.2560 มารดาของดิฉันมีเหตุธุระจำเป็นที่เร่งด่วน ที่จะต้องไปสถานีตำรวจ จังหวัดอุดรธานี แต่ไม่สามารถไปด้วยตนเองได้ \nสาเหตุเนื่องมาจาก เมื่อวันอังคารที่ 25 เมษายน พ.ศ.2560 มารดาของดิฉัน เกิดสบอุบัติเหตุตกบันไดจนข้อเท้าแพลงและกล้ามเนื้อหลังอักเสบ และทำให้ไปทำกิจส่วนตัวลำบาก \nจึงเป็นเหตุที่ทำให้ดิฉันต้องพามารดาไปทำธุระเร่งด่วน และทำให้ไม่สามารถไปสอบในวันนั้นได้ จึงเรียนมาใน ณ ที่นี้\nขอความเมตตากรุณาโปรดพิจารณาด้วย ขอบคุณคะ ', 'ใบรับรองแพทย์ของมารดา  ,  ใบลากิจจากมารดา  ,  ใบลากิจจากนักศึกษา', 92, '2017-05-25 10:43:37', '171.100.189.168'),
(1007, 'นางสาว', 'ปฐมพร', 'ด้วงรักดี', '57240002127', '3', '0931210595', '2', '1', '2', '2559', 'ได้ไปสอบคัดเลือกเป็นข้าราชการตำรวจสังกัดตำรวจตระเวนชายแดน ตำแหน่งครู ตชด. ที่จังหวัดกาญจนบุรี ซึ่งตรงกับวันสอบของทางมหาวิทยาลัยราชภัฏอุดร จึงขาดสอบของทางมหาวิทยาลัย', 'บัตรประจำตัวผู้เข้าสอบ,เอกสารการสอบ', 93, '2017-05-25 12:36:29', '124.121.197.206'),
(1016, 'นางสาว', 'ยุวรัตน์', 'หวยกระโทก', '58040410131', '2', '0953031923', '1', '1', '2', '2559', 'ข้าพเจ้ามีเหตุอันจำเป็นในการขาดสอบ ', 'ใบรับรองแพทย์', 83, '2017-05-25 13:30:32', '49.228.90.3'),
(1022, 'นางสาว', 'ณัฐภรณ์ ', 'ใจสะอาด', '58040257104', '2', '0856085015', '1', '1', '2', '2559', 'ไม่สบายนอนโรงพยาบาลตั้งแต่วันที่ 25 - 29 เม.ย. 2560', 'ใบรับรองแพทย์', 94, '2017-05-25 14:02:50', '183.88.9.171'),
(1023, 'นาย', 'ยุทธวัตร', 'ผาภู', '59200901104', '1', '0953949470', '2', '1', '2', '2559', 'ในวันดังกล่าวข้าพเจ้าติดราชการได้เดินทางไปประชุมเวรรักษาการณ์ประจำเดือนพฤษภาคม 2560 ที่ กองบัญชาการตำรวจปราบปรามยาเสพติด กรุงเทพมหานคร', 'คำสั่ง บช.ปส. ที่. 76/2560 ลง 25 เม.ย.2560 เรื่อง ให้ข้าราชการตำรวจปฏิบัติหน้าที่กองรักษาการณ์ บช.ปส.', 95, '2017-05-25 16:29:27', '1.1.194.116'),
(1024, 'นางสาว', 'หัทยา', 'สุนทรชัย', '57100105122', '3', '0973378942', '1', '1', '2', '2559', 'เนื่องจากข้าพเจ้าป่วยด้วยโรคลำไส้อักเสบ คุณหมอจึงได้ทำการตรวจรักษาร่างกายและพักรักษาตัวที่โรงพยาบาลเพ็ญ ในวันที่ 24 เมษายน พ.ศ.2560- 25 เมษายน พ.ศ.2560 ', 'ใบรับรองแพทย์', 96, '2017-05-26 09:12:09', '183.88.10.58'),
(1027, 'นาย', 'คมกฤช', 'พรมจันทร์', '59040220155', '1', '0972068858', '1', '0', '2', '2559', 'เกิดอุบัติเหตุรถยางรั่ว', 'ภาพถ่ายระหว่างการซ่อมรถ', 73, '2017-05-26 10:17:09', '14.207.139.154'),
(1028, 'นางสาว', 'หัทยา', 'สุนทรชัย', '57100105122', '3', '0973378942', '1', '1', '2', '2559', 'เนื่่องจากข้าพเจ้าป่วยด้วยโรคลำไส้อักเสบ คุณหมอจึงได้ทำการตรวจรักษาร่างกายและได้รักษาตัวที่โรงพยาบาลเพ็ญ เป็นเวลา 2 วัน คือวันที่ 24-25 เมษายน พ.ศ.2560', 'ใบรับรองแพทย์', 97, '2017-05-26 10:19:49', '183.88.8.95'),
(1029, 'นางสาว', 'หัทยา', 'สุนทรชัย', '57100105122', '3', '0973378942', '1', '1', '2', '2559', 'เนื่่องจากข้าพเจ้าป่วยด้วยโรคลำไส้อักเสบ คุณหมอจึงได้ทำการตรวจรักษาร่างกายและได้รักษาตัวที่โรงพยาบาลเพ็ญ เป็นเวลา 2 วัน คือวันที่ 24-25 เมษายน พ.ศ.2560', 'ใบรับรองแพทย์', 97, '2017-05-26 10:21:23', '183.88.8.95'),
(1030, 'นางสาว', 'ปัญญรัตน์', 'ฉลองชาติ', '58040501358', '2', '0801927944', '1', '1', '2', '2559', 'ปวดท้อง ติดเชื้อในกระเพาะ', 'ใบรับรองแพทย์', 99, '2017-05-26 12:20:13', '182.52.23.31');

-- --------------------------------------------------------

--
-- Table structure for table `requestion_course`
--

CREATE TABLE IF NOT EXISTS `requestion_course` (
`id_reqCourse` int(11) NOT NULL,
  `id_req` int(11) NOT NULL,
  `id_member` int(11) NOT NULL,
  `id_course` int(11) NOT NULL,
  `rc_group` varchar(5) COLLATE utf8_unicode_ci NOT NULL,
  `rc_teacher` text COLLATE utf8_unicode_ci NOT NULL,
  `rc_date` date NOT NULL,
  `rc_time` time NOT NULL,
  `dt_create` datetime NOT NULL
) ENGINE=InnoDB AUTO_INCREMENT=1237 DEFAULT CHARSET=utf8 COLLATE=utf8_unicode_ci;

--
-- Dumping data for table `requestion_course`
--

INSERT INTO `requestion_course` (`id_reqCourse`, `id_req`, `id_member`, `id_course`, `rc_group`, `rc_teacher`, `rc_date`, `rc_time`, `dt_create`) VALUES
(305, 225, 36, 3, '20', 'ss', '2017-04-04', '10:36:00', '2017-05-15 09:37:35'),
(311, 231, 34, 5, '08', 'อ.ปิยนุช โทมล', '2017-04-30', '09:00:00', '2017-05-15 09:40:03'),
(333, 239, 9, 6, '3', 'ปณวรรต ', '2016-10-04', '15:09:00', '2017-05-15 13:55:15'),
(334, 239, 9, 9, '1', 'ปณวรรต', '2016-10-10', '15:03:00', '2017-05-15 13:55:15'),
(335, 239, 9, 15, '2', 'ปณวรรต', '2016-10-13', '11:30:00', '2017-05-15 13:55:15'),
(358, 262, 38, 21, '02', 'อ.ธีระเดช วงศ์ราช', '2017-05-02', '15:30:00', '2017-05-15 15:46:24'),
(372, 276, 45, 28, '50', 'จุฬาวดี มีวันคำ', '2017-05-01', '01:30:00', '2017-05-16 11:49:47'),
(462, 366, 41, 10, '11', 'กนกอร', '2017-04-30', '13:00:00', '2017-05-16 12:39:50'),
(565, 468, 37, 10, '37', 'นายภาสกร สารรัตน์', '2017-05-03', '15:00:00', '2017-05-16 14:57:00'),
(592, 495, 47, 12, '', 'อ.หัสดิน', '2017-05-16', '14:55:00', '2017-05-16 15:08:47'),
(593, 496, 48, 12, '', 'หัสดิน', '2017-05-16', '00:00:00', '2017-05-16 15:13:27'),
(594, 497, 50, 10, '12', 'อ.สมบูรณ์', '2017-04-30', '09:52:00', '2017-05-17 10:02:35'),
(595, 498, 50, 10, '12', 'อ.สมบูรณ์', '2017-04-30', '10:03:00', '2017-05-17 10:05:46'),
(596, 499, 50, 10, '12', 'อ.สมบูรณ์', '2017-04-30', '09:00:00', '2017-05-17 10:06:43'),
(597, 500, 50, 10, '12', 'อ.สมบูรณ์', '2017-04-30', '09:00:00', '2017-05-17 10:08:13'),
(598, 501, 50, 10, '12', 'อ.สมบูรณ์', '2017-05-17', '09:00:00', '2017-05-17 10:11:57'),
(599, 502, 52, 10, '12', 'อ.สมบูรณ์', '2017-04-30', '09:00:00', '2017-05-17 10:23:24'),
(612, 515, 44, 28, '50', 'จุฬาวดี มีวันคำ', '2017-05-01', '01:30:00', '2017-05-17 12:33:38'),
(632, 535, 39, 28, '20', 'นางสาวจุฬาวดี มีวันคำ', '2017-05-01', '13:00:00', '2017-05-17 16:23:16'),
(633, 536, 56, 26, '6', 'อ.จาตุรนต์ สุขุมาลพงษ์ ', '2017-04-29', '09:00:00', '2017-05-18 15:25:17'),
(634, 537, 58, 24, '11', 'ดร.ทิพย์อุบล ทิพเลิศ ', '2017-04-27', '15:30:00', '2017-05-19 09:29:42'),
(635, 537, 58, 26, '22', 'ผศ.สุปรีชา วงศ์อารีย์', '2017-04-27', '00:00:13', '2017-05-19 09:29:42'),
(636, 538, 59, 10, '7', 'ดร.กานต์ทิตา สีหมากสุก', '2017-04-30', '13:00:00', '2017-05-19 11:15:10'),
(637, 539, 55, 10, '11', 'อ.กนกอร', '2017-05-19', '00:00:00', '2017-05-19 12:13:26'),
(638, 540, 60, 26, '01', 'อ.ชัชชัย คงคาหลวง ', '2017-05-19', '13:00:00', '2017-05-19 12:45:22'),
(639, 541, 61, 10, '12', 'อ.สมบูรณ์', '2017-04-30', '09:00:00', '2017-05-19 14:06:18'),
(640, 542, 61, 10, '12', 'อ.สมบูรณ์', '2017-04-30', '09:00:00', '2017-05-19 14:11:01'),
(642, 544, 49, 10, '11', 'กนกอร สุขุมาลพงษ์', '2017-04-30', '13:00:00', '2017-05-19 15:02:56'),
(661, 563, 64, 12, '40', 'อ.หัสดิน', '2017-05-04', '13:00:00', '2017-05-19 15:15:05'),
(662, 564, 54, 28, '20', 'นางสาวจุฬาวดี มีวันคำ', '2017-05-01', '13:00:00', '2017-05-19 15:32:29'),
(725, 607, 70, 10, '11', 'กนกอร', '2017-04-30', '13:00:00', '2017-05-20 12:27:42'),
(737, 619, 72, 18, '1', 'อ.สัติยะพันธ์', '2017-05-29', '16:00:00', '2017-05-20 20:30:42'),
(748, 625, 69, 1, '34', 'อ.จินตนา สวนจันทร์', '2017-04-26', '15:30:00', '2017-05-20 23:29:58'),
(749, 625, 69, 26, '52', 'อ.ชยานนท์ ฮมแสน', '2017-04-27', '13:00:00', '2017-05-20 23:29:58'),
(761, 637, 46, 22, '66', 'รัชชัช นัทธี', '2017-05-03', '13:00:00', '2017-05-22 13:29:31'),
(762, 638, 75, 5, '30', 'อาจารย์โศภิดา บุญจำนง', '2017-04-24', '13:00:00', '2017-05-22 14:44:44'),
(858, 734, 76, 16, '52', 'ยุทธชัย  ', '2017-05-01', '15:30:00', '2017-05-23 15:47:26'),
(859, 735, 77, 16, '52', 'ยุทธชัย', '2017-05-01', '15:30:00', '2017-05-23 15:51:37'),
(860, 736, 77, 0, '52', 'ยุทธชัย', '2017-05-01', '15:30:00', '2017-05-23 15:51:56'),
(861, 737, 77, 0, '52', 'ยุทธชัย', '2017-05-01', '15:30:00', '2017-05-23 15:52:32'),
(862, 738, 79, 10, '07', 'ดร.การต์ทิตา สีหมากสุก', '2017-04-30', '10:12:00', '2017-05-24 10:19:32'),
(863, 739, 80, 7, '35', 'อาจารย์ชาตรี ชุมเสน', '2017-05-24', '14:28:00', '2017-05-24 14:34:16'),
(864, 740, 81, 5, '1', 'อ.จุฑามาส สุทธิ', '2017-04-24', '13:00:00', '2017-05-24 14:46:26'),
(988, 864, 84, 14, '21', 'อาจารย์คนางค์ มาตรา', '2017-04-24', '15:30:00', '2017-05-24 19:40:13'),
(989, 865, 87, 12, '41', 'อ.หัสดิน แก้ววิชิต', '2017-05-04', '13:00:00', '2017-05-24 21:55:02'),
(990, 866, 86, 12, '41', 'อ.หัสดิน แก้ววิชิต', '2017-05-04', '13:00:00', '2017-05-24 21:57:55'),
(991, 867, 87, 0, '41', 'อ.หัสดิน แก้ววิชิต', '2017-05-04', '13:00:00', '2017-05-24 21:58:17'),
(992, 868, 87, 0, '41', 'อ.หัสดิน แก้ววิชิต', '2017-05-04', '13:00:00', '2017-05-24 21:58:40'),
(993, 869, 91, 0, '01', 'อภิรักษ์  ร้อยแก้ว', '2017-05-09', '09:00:00', '2017-05-25 10:07:32'),
(1014, 890, 92, 0, '', '', '2017-05-25', '00:00:00', '2017-05-25 10:18:21'),
(1061, 937, 90, 26, '01', 'อ.ชยานนท์ ฮมแสน', '2017-04-30', '10:29:00', '2017-05-25 10:30:18'),
(1063, 939, 92, 12, '59', 'หัสดิน แก้ววิชิต ', '2017-05-25', '10:18:00', '2017-05-25 10:36:29'),
(1067, 943, 92, 0, '59', 'หัสดิน แก้ววิชิต ', '2017-05-25', '10:18:00', '2017-05-25 10:43:37'),
(1191, 1007, 93, 30, '01', 'อ.ธรรมเนียบ แก้วหอมคำ', '2017-04-30', '10:00:00', '2017-05-25 12:36:29'),
(1221, 1016, 83, 16, '43', 'อ.ปิยะนุช พุทธวงศ์ ', '2017-05-24', '13:26:00', '2017-05-25 13:30:32'),
(1227, 1022, 94, 28, '24', 'อ.วิศรุต', '2017-05-01', '13:00:00', '2017-05-25 14:02:50'),
(1228, 1023, 95, 28, '1', 'นายวรนิตย์  ทองอยู่', '2017-04-29', '09:00:00', '2017-05-25 16:29:27'),
(1229, 1024, 96, 14, '03', 'อ.สุวรรณี พันธุ์โอภาส โกเมน', '2017-04-24', '08:55:00', '2017-05-26 09:12:09'),
(1232, 1027, 73, 14, '48', 'อ.คนางค์ มาตรา', '2017-04-24', '15:30:00', '2017-05-26 10:17:09'),
(1233, 1028, 97, 14, '03', 'อ.สุวรรณี พันธุ์โอภาส โกเมน', '2017-04-24', '10:12:00', '2017-05-26 10:19:49'),
(1234, 1029, 97, 0, '03', 'อ.สุวรรณี พันธุ์โอภาส โกเมน', '2017-04-24', '10:12:00', '2017-05-26 10:21:23'),
(1235, 1030, 99, 3, '', 'อ.วชิรเกียรติ', '2017-05-26', '13:00:00', '2017-05-26 12:20:13'),
(1236, 1030, 99, 26, '', 'อ.ดรุณี', '2017-05-27', '13:00:00', '2017-05-26 12:20:13');

--
-- Indexes for dumped tables
--

--
-- Indexes for table `course`
--
ALTER TABLE `course`
 ADD PRIMARY KEY (`id_course`);

--
-- Indexes for table `groupcourse`
--
ALTER TABLE `groupcourse`
 ADD PRIMARY KEY (`id_group`);

--
-- Indexes for table `member`
--
ALTER TABLE `member`
 ADD PRIMARY KEY (`id_member`);

--
-- Indexes for table `requestion`
--
ALTER TABLE `requestion`
 ADD PRIMARY KEY (`id_req`);

--
-- Indexes for table `requestion_course`
--
ALTER TABLE `requestion_course`
 ADD PRIMARY KEY (`id_reqCourse`);

--
-- AUTO_INCREMENT for dumped tables
--

--
-- AUTO_INCREMENT for table `course`
--
ALTER TABLE `course`
MODIFY `id_course` int(11) NOT NULL AUTO_INCREMENT,AUTO_INCREMENT=32;
--
-- AUTO_INCREMENT for table `groupcourse`
--
ALTER TABLE `groupcourse`
MODIFY `id_group` int(11) NOT NULL AUTO_INCREMENT,AUTO_INCREMENT=5;
--
-- AUTO_INCREMENT for table `member`
--
ALTER TABLE `member`
MODIFY `id_member` int(11) NOT NULL AUTO_INCREMENT,AUTO_INCREMENT=100;
--
-- AUTO_INCREMENT for table `requestion`
--
ALTER TABLE `requestion`
MODIFY `id_req` int(11) NOT NULL AUTO_INCREMENT COMMENT 'id คำร้อง primary key',AUTO_INCREMENT=1031;
--
-- AUTO_INCREMENT for table `requestion_course`
--
ALTER TABLE `requestion_course`
MODIFY `id_reqCourse` int(11) NOT NULL AUTO_INCREMENT,AUTO_INCREMENT=1237;
/*!40101 SET CHARACTER_SET_CLIENT=@OLD_CHARACTER_SET_CLIENT */;
/*!40101 SET CHARACTER_SET_RESULTS=@OLD_CHARACTER_SET_RESULTS */;
/*!40101 SET COLLATION_CONNECTION=@OLD_COLLATION_CONNECTION */;
